,ID,Title,Acceptance,Difficulty,Frequency,Link
0,939,Minimum Area Rectangle,51.8%,Medium,0.0332324279256665, https://leetcode.com/problems/minimum-area-rectangle
1,231,Power of Two,43.7%,Easy,0.0217768102329707, https://leetcode.com/problems/power-of-two
2,146,LRU Cache,33.2%,Medium,0.0103211925402749, https://leetcode.com/problems/lru-cache
3,206,Reverse Linked List,62.5%,Easy,0.0093267945119749, https://leetcode.com/problems/reverse-linked-list
4,114,Flatten Binary Tree to Linked List,49.3%,Medium,0.0068965790590603, https://leetcode.com/problems/flatten-binary-tree-to-linked-list
5,199,Binary Tree Right Side View,54.1%,Medium,0.0056826406650506, https://leetcode.com/problems/binary-tree-right-side-view
6,22,Generate Parentheses,62.7%,Medium,0.0043611059090124, https://leetcode.com/problems/generate-parentheses
7,23,Merge k Sorted Lists,40.2%,Hard,0.004051459000748, https://leetcode.com/problems/merge-k-sorted-lists
8,1,Two Sum,45.6%,Easy,0.0032784227380416, https://leetcode.com/problems/two-sum
9,33,Search in Rotated Sorted Array,34.5%,Medium,0.0032299769683326, https://leetcode.com/problems/search-in-rotated-sorted-array
10,223,Rectangle Area,37.8%,Medium,0.034724752851362, https://leetcode.com/problems/rectangle-area
15,97,Interleaving String,31.5%,Hard,0.0204715439801872, https://leetcode.com/problems/interleaving-string
17,706,Design HashMap,61.3%,Easy,0.0175289326057621, https://leetcode.com/problems/design-hashmap
19,48,Rotate Image,56.7%,Medium,0.0114286958236227, https://leetcode.com/problems/rotate-image
20,739,Daily Temperatures,63.3%,Medium,0.0100326901218144, https://leetcode.com/problems/daily-temperatures
21,415,Add Strings,47.5%,Easy,0.0075872898121594, https://leetcode.com/problems/add-strings
24,64,Minimum Path Sum,54.5%,Medium,0.0061274701520971, https://leetcode.com/problems/minimum-path-sum
26,42,Trapping Rain Water,48.9%,Hard,0.0043506703387449, https://leetcode.com/problems/trapping-rain-water
28,8,String to Integer (atoi),15.4%,Medium,0.0037925521897059, https://leetcode.com/problems/string-to-integer-atoi
29,151,Reverse Words in a String,21.9%,Medium,0.0034560919159889, https://leetcode.com/problems/reverse-words-in-a-string
30,200,Number of Islands,46.8%,Medium,0.0028897578265903, https://leetcode.com/problems/number-of-islands
31,53,Maximum Subarray,46.5%,Easy,0.0021670828721507, https://leetcode.com/problems/maximum-subarray
32,2,Add Two Numbers,33.9%,Medium,0.001688619111144, https://leetcode.com/problems/add-two-numbers
33,70,Climbing Stairs,47.8%,Easy,0.0015084665529624, https://leetcode.com/problems/climbing-stairs
